INSERT INTO "book" (author, title, publisher, isbn)
VALUES
    ('John Smith', 'The Great Adventure', 'ABC Publishing', '9781234567890'),
    ('Jane Doe', 'Mystery Unveiled', 'XYZ Books', '9780987654321'),
    ('Michael Johnson', 'The Hidden Treasure', 'PQR Publishers', '9785678901234'),
    ('Emily Brown', 'Lost in Wonderland', 'DEF Press', '9785432109876'),
    ('David Wilson', 'The Secret Code', 'GHI Publications', '9782468135791'),
    ('Sarah Thompson', 'The Enchanted Forest', 'MNO Books', '9781357924680'),
    ('Robert Davis', 'The Mysterious Island', 'JKL Publishers', '9789753102846'),
    ('Jennifer Lee', 'Journey to the Stars', 'UVW Press', '9784567890123'),
    ('Daniel Green', 'The Forgotten Land', 'RST Publications', '9783210987654'),
    ('Olivia Moore', 'The Time Traveler', 'EFG Publishers', '9789078563412');

INSERT INTO "ebook" (author, title, publisher, isbn)
VALUES
    ('John Smith', 'The Great Adventure', 'ABC Publishing', '9781234567890'),
    ('Jane Doe', 'Mystery Unveiled', 'XYZ Books', '9780987654321'),
    ('Michael Johnson', 'The Hidden Treasure', 'PQR Publishers', '9785678901234'),
    ('Emily Brown', 'Lost in Wonderland', 'DEF Press', '9785432109876'),
    ('David Wilson', 'The Secret Code', 'GHI Publications', '9782468135791'),
    ('Sarah Thompson', 'The Enchanted Forest', 'MNO Books', '9781357924680'),
    ('Robert Davis', 'The Mysterious Island', 'JKL Publishers', '9789753102846'),
    ('Jennifer Lee', 'Journey to the Stars', 'UVW Press', '9784567890123'),
    ('Daniel Green', 'The Forgotten Land', 'RST Publications', '9783210987654'),
    ('Olivia Moore', 'The Time Traveler', 'EFG Publishers', '9789078563412');

INSERT INTO "user" (first_name, last_name, card_number, email, login, cvc, password, country, phonenumber)
VALUES
    ('John', 'Smith', '1234567890123456', 'john@example.com', 'johnsmith', '123', 'password123', 'USA', '1234567890'),
    ('Jane', 'Doe', '9876543210987654', 'jane@example.com', 'janedoe', '456', 'password456', 'Canada', '9876543210'),
    ('Michael', 'Johnson', '4567890123456789', 'michael@example.com', 'michaeljohnson', '789', 'password789', 'UK', '4567890123'),
    ('Emily', 'Brown', '7890123456789012', 'emily@example.com', 'emilybrown', '012', 'password012', 'Australia', '7890123456'),
    ('David', 'Wilson', '2345678901234567', 'david@example.com', 'davidwilson', '345', 'password345', 'Germany', '2345678901'),
    ('Sarah', 'Thompson', '6789012345678901', 'sarah@example.com', 'sarahthompson', '678', 'password678', 'France', '6789012345'),
    ('Robert', 'Davis', '9012345678901234', 'robert@example.com', 'robertdavis', '901', 'password901', 'Spain', '9012345678'),
    ('Jennifer', 'Lee', '3456789012345678', 'jennifer@example.com', 'jenniferlee', '234', 'password234', 'Italy', '3456789012'),
    ('Daniel', 'Green', '6789012345678901', 'daniel@example.com', 'danielgreen', '567', 'password567', 'Japan', '6789012345'),
    ('Olivia', 'Moore', '1234567890123456', 'olivia@example.com', 'oliviamoore', '890', 'password890', 'Brazil', '1234567890');
